,PI,H-Index
0,Amy Ando,32
1,Michael Hitt,153
2,Lance Gharavi,5
3,Jennifer Trueblood,30
4,Valerie Reyna,91
5,Abigail Marsh,54
6,William Zame,43
7,Stephen Read,51
8,Felicia Pratto,73
9,Keela Thomson,7
10,Peter May,49
11,Vernon Smith,155
12,Andrew Guess,33
13,Dana Rose Garfin,26
14,Shanna Swan,91
15,Irwin Levin,62
16,R. Scott Tindale,3
17,Joshua Klayman,21
18,Simon DeDeo,27
19,Sergio Villamayor-Tomas,34
20,Larissa Larsen,25
21,Alexandros Taflanidis,39
22,Sarah Smith,40
23,Miriam Weil,20
24,Kristin Timm,9
25,Scott Shenker,163
26,John Crittenden,112
27,Karina Korostelina,23
28,Tehila Kogut,26
29,Mark Young,84
30,Louise Comfort,47
31,Matthew Rabin,60
32,Robert Kaufmann,77
33,bethany ojalehto,10
34,Paul Ward,69
35,David Budescu,72
36,Hugh Gladwin,28
37,Michaela Huber,18
38,Gulden Ulkumen,12
39,David Lazer,71
40,Susan Slotnick,14
41,Duan Li,54
42,Thomas Webler,56
43,Anastazja Harris,1
44,Tanya Rosenblat,20
45,Nicole Ardoin,43
46,Nancy Grimm,95
47,David Zald,87
48,Elizabeth Albright,18
49,Henry O'Hair,21
50,Gordon Phillips,38
51,Lawrence Williams,62
52,John McMahan,36
53,Jeannette Sutton,39
54,Judy Tan,17
55,Robin Thomas,52
56,David Broniatowski,38
57,Ray Reagans,23
58,E. Flynn,46
59,William Form,17
60,Richard Lewis,60
61,Ann Bostrom,50
62,Dan Simon,107
63,Linda Skitka,66
64,Mariam Krikorian,6
65,Janet Metcalfe,78
66,Stephan Kroll,41
67,Margaret Shih,32
68,Marshall Fisher,58
69,Patricia Champ,36
70,Shalini Misra,16
71,David Konisky,43
72,Dale Yeatts,22
73,Christopher Emrich,37
74,Jesse Dallery,42
75,Joseph Arvai,41
76,Brendan Nyhan,53
77,Jennifer Lobo,19
78,Laura Scherer,60
79,Paul Griffin,40
80,Dennis Proffitt,79
81,Bernd Figner,24
82,Morris Kleiner,37
83,Lisa Ordonez,25
84,Maya Tamir,62
85,John Kerr,42
86,Dean Mobbs,48
87,Alex Greer,33
88,Alison Cullen,29
89,Joshua Teitelbaum,12
90,Ferenc Szidarovszky,46
91,Jonathan Wiener,65
92,Sukumar Ganapati,21
93,Carol Silva,35
94,Dale Stahl,37
95,Richard Freeman,138
96,Mary Frances Luce,36
97,Jonathan Baron,100
98,Terry Connolly,53
99,Holly Arrow,29
100,David Krantz,74
101,Craig McKenzie,20
102,Roger Cooke,61
103,Andrew Caplin,54
104,Mary Rigdon,14
105,Barbara Minsker,38
106,Angela de Oliveira,27
107,Christopher McLeod,45
108,Kevin Linderman,39
109,Guillermo Gallego,52
110,Marvin Goodfriend,45
111,David Schwebel,96
112,Michael Vandenbergh,35
113,Brittany Shoots-Reinhard,10
114,Kurtis Swope,14
115,Jody Chin Sing Wong,6
116,Arnim Wiek,66
117,W. Viscusi,111
118,Wouter Denhaan,39
119,Francesca Molinari,41
120,Martha Grabowski,29
121,John Rust,38
122,Ani Harutyunyan,6
123,Garold Stasser,39
124,Jingwen Zhang,25
125,William Glick,34
126,Krister Andersson,41
127,Shlomo Sher,3
128,Francesca Federico,129
129,Jeffrey DeWitt,5
130,Susan Cutter,84
131,Ido Erev,61
132,Jacob Fooks,12
133,Anne Huff,40
134,Stephen Christman,38
135,Emily Ho,62
136,Johannes Haushofer,35
137,Jennifer Roberts,48
138,Theodore Glickman,28
139,Gabriel Wolken,19
140,Andrew Schotter,55
141,Max Bazerman,109
142,Matthew Hamilton,39
143,Frank Schilbach,16
144,Garrett van Ryzin,38
145,Joshua Viers,48
146,Paul Reynolds,36
147,Manuel Ruiz-Aravena,14
148,Patricia Gober,53
149,Ralph Adolphs,129
150,Levon Barseghyan,17
151,Branden Johnson,36
152,Peter Neumann,67
153,Tracy Hammond,35
154,Scott Wolfe,63
155,Bill McEvily,28
156,James Huff,18
157,Peter Enns,23
158,Darryl Seale,23
159,John Sosik,64
160,Markus Kemmelmeier,43
161,Mark Walker,99
162,Lewis Hopkins,52
163,Bruce Avolio,141
164,Joseph Harrington,51
165,John Adgate,48
166,Pamela Schmitt,10
167,Kent Messer,36
168,Michael Riediker,43
169,Hugh Ellis,1
170,Bryan Jones,64
171,Ralph Keeney,79
172,Kurt Carlson,23
173,Arne Kalleberg,86
174,Sara Grineski,46
175,Peter Kvam,18
176,Philip Dennison,61
177,Peter Carnevale,55
178,Kenneth Davis,99
179,Mark Roberts,71
180,Michael Caramanis,38
181,Damon Hall,26
182,L Keller,127
183,Kelly Claborn,6
184,Philip Berke,58
185,Nancy Carter,39
186,Daniel Benjamin,87
187,Zygmunt Pizlo,35
188,Donald Davis,141
189,Robert Forsythe,37
190,James Quinn,54
191,Ryan Murphy,26
192,Erica Morgan,9
193,So-Yeon Yoon,22
194,Elena Asparouhova,12
195,Christopher Kuzdas,11
196,Lauren Young,21
197,Daniel DeCaro,14
198,Juan Carrillo,25
199,Clayton Morrison,18
200,Brian Essex,17
201,James Druckman,80
202,Dennis Ojima,87
203,Jessica Malpass,31
204,Alessandro Vespignani,130
205,Mark Stehr,24
206,Robert Foley,54
207,Thomas Griffiths,113
208,Jeffrey Carpenter,43
209,Andrew Schaefer,41
210,Peter Cramton,64
211,Richard Daniels,38
212,Tamar Kugler,19
213,Pradeep Singh,80
214,Victoria Shaffer,27
215,Pedro Dal Bo,17
216,Cary Deck,29
217,Michael Jones,123
218,Isabelle Brocas,27
219,Erik Brynjolfsson,110
220,Adam Zwickle,18
221,John Adams,87
222,Harry Paarsch,28
223,Lindsay Morris-Neuberger,15
224,Betsy Priem,1
225,B. Turner,71
226,Alison Butler,67
227,Louis Scuderi,29
228,Jean Ensminger,27
229,Hang Lu,54
230,Colin Camerer,131
231,Stephen Green,53
232,Elizabeth Mullen,22
233,Sylvan Herskowitz,6
234,Harry Kaiser,42
235,Kent Kiehl,96
236,Sudeep Bhatia,29
237,Alicia Cooperman,9
238,John Van Huyck,24
239,Peter Monge,56
240,John Duffy,45
241,Jr.,133
242,Catherine Lambert,33
243,Colleen Reid,24
244,Yu Xie,77
245,Irem Uz,11
246,Leen-Kiat Soh,37
247,Arun Chandrasekhar,29
248,Sumeet Saksena,23
249,Matteo Pozzi,25
250,Roberto Weber,43
251,Richard McAdams,31
252,Stephen Rassenti,34
253,Tamara Dubowitz,40
254,Arun Vishwanath,31
255,John Geanakoplos,59
256,Susan Clark,81
257,Roxane Silver,74
258,Lisa Anderson,36
259,Jennifer Alix-Garcia,31
260,Pallab Mozumder,24
261,David Crocker,32
262,Abram Wagner,37
263,Hallie Eakin,60
264,Elena Katok,38
265,Igor Linkov,81
266,Rickey Thomas,91
267,Thomas Cooley,10
268,Prabhat Barnwal,8
269,Saba Siddiki,29
270,Anil Sawhney,38
271,Paul Windschitl,33
272,Ellen Holman,87
273,Yu Lu,36
274,Cesar Carrasco,20
275,Sherry Larkin,28
276,Bart Hobijn,40
277,Hirotsugu Uchida,22
278,James Miller,84
279,Elizabeth Segal,30
280,Joshua Weller,29
281,V. Sridharan,51
282,Janet Swim,65
283,Gediminas Adomavicius,53
284,Trang Le,43
285,Alexandra Fischer,48
286,Jasmina Arifovic,30
287,William Burns,26
288,Sarah Di Vittorio,3
289,Lynn Robertson,15
290,Daniel Connolly,20
291,Chester Spatt,39
292,Allen Lee,43
293,Daniel Tobin,15
294,Jonathan Cohen,156
295,Yitong Wang,15
296,John Lammers,21
297,David Hirshleifer,71
298,Kislaya Prasad,16
299,Erik Johnston,24
300,Wesley Highfield,36
301,Ronald Stinner,3
302,John Fitch,4
303,Jeryl Mumpower,29
304,Richard Woodward,61
305,William Harbaugh,31
306,Brent Steel,33
307,Mark Himmelstein,10
308,Philip Hart,72
309,Dara Wald,16
310,PingSun Leung,47
311,John Braden,31
312,Francis Alexander,98
313,Mark Buntaine,18
314,Christine Costello,15
315,Samuel Brody,58
316,Michael Hannigan,49
317,Mara Mather,76
318,Robyn Wilson,35
319,Andrew Lo,84
320,Leif Nelson,39
321,Zhaohui Wu,27
322,Soheil Nazarian,42
323,Daniel Vastfjall,68
324,Blair Johnson,75
325,Jukka Takala,28
326,Colin DeYoung,68
327,Kevin Dooley,57
328,Charles Redman,58
329,Raghav Rao,52
330,J. Randall Etheridge,10
331,Marcus Mayorga,3
332,Michael Kiparsky,21
333,Malvern Chiweshe,9
334,Jacob Freeman,19
335,George Kaplan,134
336,James Larson,23
337,Stanley Reynolds,27
338,Andrew Parker,73
339,Jeanne Brett,66
340,John Quiggin,68
341,Jayson Lusk,86
342,Peter Backlund,6
343,Joseph Hamm,21
344,Michael Wallace,97
345,Aldo Rustichini,76
346,Robin Morris,68
347,Ramiro Berardo,27
348,Brent Chamberlain,12
349,Andrea Garber,21
350,George Neumann,44
351,Nancy Kanwisher,116
352,Timothy Pleskac,31
353,Barbara Flynn,47
354,John Schelhas,31
355,Elissa Cohen,6
356,Todd Cherry,35
357,James Boyd,53
358,Deborah Phillips,70
359,Matthew Nisbet,51
360,Michael Shelly,70
361,Hadi Dowlatabadi,47
362,Eric Friedman,33
363,John Kruse,26
364,Lynsay Ayer,25
365,Diana Wall,110
366,Joseph Johnson,26
367,William Schulze,55
368,Shuyi Chen,43
369,Michele Gelfand,93
370,Peter List,13
371,Jeffrey Niederdeppe,60
372,Janet Box-Steffensmeier,37
373,E. Tory Higgins,147
374,Glenn Shafer,57
375,Brenda Major,103
376,Gerianne Alexander,44
377,Susan Cabrera,2
378,Eva Telzer,66
379,Michael Moore,136
380,Nadia Seeteram,6
381,Justin Sydnor,21
382,Eitan Gernster,32
383,Arika Virapongse,12
384,Jennifer Devenport,15
385,Robert McKelvey,25
386,Dominique Brossard,66
387,Robin Gregory,2
388,Caryn Christensen,21
389,Trent Cash,2
390,Nancy Tuana,42
391,Nicholas Bloom,96
392,Marcia Johnson,114
393,Ellen Peters,80
394,Julie Downs,37
395,Nathan Cook,34
396,Brad Murray,23
397,Krassimira Paskaleva,19
398,Alfred Marcus,66
399,Joseph Cesario,30
400,Clark Miller,39
401,William Neilson,125
402,Sungjong Roh,16
403,Claude Miller,26
404,Diego Gomez-Zara,9
405,Jeffrey Stanton,48
406,Meghna Babbar-Sebens,20
407,Clifford Russell,37
408,LYLE UNGAR,97
409,Jacob Hochard,11
410,JoAnne Shatkin,27
411,Loretta Pyles,25
412,Yang Zhang,88
413,Blair Flicker,3
414,Jeremy Wolfe,94
415,Nicholas Flores,70
416,Deena Kemp,39
417,Steven Jones,157
418,Heather Lazrus,30
419,Anne Tsui,79
420,Priti Shah,44
421,Paul Wilson,198
422,Kathryn Stam,17
423,Matthew Shapiro,54
424,Margaret Meloy,21
425,Ramzi Suleiman,29
426,Eytan Adar,55
427,Brad Barber,44
428,Mark Spearman,25
429,Katherine Dickinson,30
430,Jun Zhuang,98
431,David Frank,50
432,David Cohan,124
433,Lisa Zaval,15
434,Scott Robinson,60
435,Sean Drummond,54
436,Nathan Nunn,42
437,Haoran Chu,18
438,Richard Zeckhauser,107
439,Sheheryar Banuri,12
440,Hannah Brenkert-Smith,22
441,Cynthia Frantz,19
442,Aimee Kane,30
443,John Coles,70
444,Thomas James,112
445,Tarla Peterson,45
446,Stephen Le,71
447,James Bettman,77
448,Chenna Reddy Cotla,4
449,Joan Peckham,17
450,Kareen Rozen,12
451,Gerardine DeSanctis,56
452,Roy Gardner,33
453,Howard Thomas,101
454,Edwards Ward,6
455,Erika Weinthal,38
456,Michael Johnson,54
457,Mark Nichter,69
458,Erica Groshen,24
459,Sherri Jean Katz,12
460,Douglas Bernheim,73
461,Sahara Byrne,22
462,Yi-Chun Hong,56
463,Dan Kahan,69
464,Marianne Bertrand,67
465,John Abowd,59
466,Salvatore March,34
467,Janice Nadler,29
468,Hua Qin,24
469,Patrick Harker,59
470,Elke Weber,96
471,Arie Lewin,66
472,Glenn Guntenspergen,51
473,Michael Oppenheimer,90
474,Christine Moorman,49
475,Joseph Mazzola,24
476,Ronald Brunner,4
477,Klaus Keller,52
478,Garey Ramey,35
479,Naomi Kakoschke,18
480,Gordon Walker,70
481,Caroline Bennette,52
482,William Bogart,2
483,David Godschalk,36
484,Janet Yang,39
485,Edwin Sabuhoro,9
486,Mira Frick,9
487,Scott de Marchi,16
488,Angela Fagerlin,78
489,Nathan Dieckmann,39
490,Matthew Jensen,29
491,Botond Koszegi,35
492,Christofer Skurka,12
493,Christine Smith,41
494,Mary Riddel,24
495,John Gastil,60
496,Linda Babcock,8
497,John Chandler,17
498,Robert Meyer,88
499,Richard John,85
500,Jessica Witt,39
501,Paul Rozin,128
502,Jerald Schnoor,76
503,James Fraser,59
504,Marco Palma,25
505,Jay Simon,99
506,Alessandra Cassar,20
507,Hengchen Dai,22
508,Michael Lindell,79
509,Duncan Thomas,94
510,Richard Hooper,61
511,Leaf Van Boven,48
512,Louis Narens,36
513,Scott Atran,74
514,Amanda Carrico,28
515,Peter Bossaerts,54
516,Thomas Stewart,67
517,Jennifer Lerner,49
518,Christopher Weible,58
519,Lynne Weber,0
520,David Weimer,49
521,David McEvoy,18
522,Don Fullerton,62
523,Jacopo Magnani,6
524,John Scholz,44
525,Kurt Waldman,22
526,Jacqueline Evans,22
527,Elizabeth Shanahan,26
528,Jeremy Magruder,16
529,Elizabeth Anderson,81
530,Julie Swann,34
531,Hwanseok Song,8
532,Dominic Massaro,82
533,Sarah Bonner,22
534,Richard Fowles,15
535,Sauleh Siddiqui,28
536,Bernard Grofman,80
537,Tracy Kijewski-Correa,32
538,Hank Jenkins-Smith,56
539,Bryan Routledge,28
540,Rob DeLeo,10
541,Jane Brown,34
542,Neville Moray,55
543,Thomas Morin,72
544,Natalia Candelo,9
545,Baruch Fischhoff,129
546,John Dennis,108
547,Sarah Tashjian,17
548,Michelle Shumate,35
549,William Cooper,75
550,Paul Stern,88
551,Marcela Benitez,6
552,Daniel Oppenheimer,39
553,Timothy Besley,100
554,Macartan Humphreys,46
555,Elena Erosheva,25
556,Susan Jacobson,10
557,Christos Cassandras,70
558,Kurt Lavetti,10
559,Kishore Gawande,29
560,Robert Hoskisson,86
561,Mark Borsuk,44
562,David Knoke,60
563,Benjamin Golub,20
564,Jonathon Cummings,34
565,Tara Grillos,11
566,William Wallace,53
567,Edward Rubin,120
568,M. Spence,48
569,Annie Zhang,16
570,Iain Cockburn,48
571,Christopher Hsee,51
572,Catherine Eckel,61
573,Russell Winer,48
574,Sara Guenther,13
575,Peter Liberman,16
576,Anne Miner,37
577,Courtney Flint,36
578,Michael Xenos,51
579,Benigno Aguirre,43
580,Sander van der Leeuw,53
581,Douglas Wedell,35
582,Diana Mitsova,16
583,Dolores Albarracin,62
584,Enrico Bertini,116
585,Francis McMichael,24
586,T.K. Ahn,64
587,Jeffrey Vancouver,43
588,Noshir Contractor,63
589,Ryota Iijima,14
590,Adena Rissman,31
591,Paul Thibodeau,23
592,Joshua Duke,219
593,Janet Pack,10
594,Amy Farmer,26
595,Milton Harris,81
596,Hannah Riley,19
597,Bruno Takahashi,27
598,Giuseppe Pagnoni,42
599,Thomas Jacobson,62
600,Michael Dodd,30
601,Leslie DeChurch,44
602,Richard Barke,43
603,Joseph Ripberger,25
604,Robert Boyd,125
605,David Dickinson,72
606,James Carroll,103
607,John Hansen,75
608,James Shortle,46
609,Emily Rauscher,36
610,Brent Scott,37
611,Jacopo Baggio,33
612,John Kanet,46
613,Gregory Caldeira,48
614,Heather Royer,18
615,Sixiao Liu,12
616,SUBHRAJIT GUHATHAKURTA,32
617,Eyal Aharoni,21
618,Michael Zazanis,16
619,Carter Hunt,23
620,Jonell Strough,41
621,James Richardson,44
622,Robert Wolpert,42
623,Tanya Heikkila,44
624,Haoning Xue,4
625,Anjani Jain,4
626,Gary Dickson,5
627,David Heath,155
628,Meng Li,84
629,Ethan Porter,22
630,Jeanine Skorinko,21
631,Susan Joslyn,115
632,Charles Wood,54
633,Jennifer Vendemia,20
634,Deserai Crow,25
635,Surya Pathak,82
636,Joseph Guerriero,53
637,Guillaume Frechette,30
638,Raksha Balakrishna,3
639,Marshall Poole,78
640,Thi Tran,118
641,Wendy Thomas,37
642,Daniel Hruschka,40
643,Robert Josephs,29
644,Melissa Kenney,22
645,Jessica Myrick,30
646,Vaughan Rees,30
647,James Shepperd,55
648,James Lambert,44
649,Shauna BurnSilver,23
650,Jennifer Cowley,24
651,Eric Toman,24
652,Karen O'Neill,15
653,Todd Hare,50
654,Kimberley Shoaf,23
655,Virginia Sapiro,32
656,John Horowitz,83
657,Nathan Smith,26
658,Bonnie Ghosh-Dastidar,45
659,Emily Cox,9
660,Casey Mullen,7
661,David Rosner,13
662,Patrick Laughlin,38
663,Penelope Sanderson,47
664,Laurie Weingart,45
665,Lauren Ratliff,19
666,Ezra Markowitz,34
667,Subimal Chatterjee,21
668,Harvey Gold,1
669,Toby Parcel,39
670,Kathleen Eisenhardt,89
671,Silvia Saccardo,17
672,David Lam,43
673,Donald Kinder,62
674,Gerald Fryxell,38
675,Rumi Chunara,30
676,Farhod Yuldashev,1
677,David Kaiser,57
678,Todd McElroy,22
679,Haewon Yoon,8
680,Terrance Hurley,34
681,James Walker,56
682,Robert Berrens,41
683,Troy Abel,12
684,Kenneth Broad,38
685,Royce Francis,12
686,Angel Gomez,87
687,James Hamilton,69
688,Vitoria Cardoso,7
689,Ana Franco-Watkins,15
690,Edward Vul,41
691,Lyle Ungar,97
692,Mark Schneider,8
693,Jeffrey Keisler,38
694,Alan Sanfey,56
695,Robert Lempert,63
696,Anthony King,130
697,Jeffrey Lazo,39
698,Steven Manson,56
699,Douglas Rice,60
700,Geoffrey Cohen,109
701,Michael Philpott,55
702,Taosheng Liu,32
703,Mindy Mallory,18
704,James Hammitt,72
705,Lu Hong,95
706,Alvin Roth,110
707,Massimo Morelli,38
708,William Judge,52
709,Yu Xiao,49
710,Dave White,55
711,David Andow,64
712,John Carroll,107
713,Sarah Stafford,19
714,Eli Berman,33
715,Wallace Hopp,54
716,Barry Horowitz,87
717,Kyle Hunt,11
718,Dennis Epple,50
719,Heather Truelove,20
720,Gary Bradshaw,31
721,James Peck,30
722,Xavier Gabaix,57
723,Robert Storer,27
724,Ioannis Paschalidis,49
725,Claudia Gonzalez-Vallejo,25
726,Brian Elbel,42
727,Radhika Lunawat,7
728,William Bianco,21
729,Donald Richards,10
730,Graham Dixon,21
731,Timothy Earle,57
732,Nora Schaeffer,35
733,James Hess,2
734,Destenie Nock,17
735,Sarah Brosnan,53
736,Aaron McCright,51
737,Robert Kaufman,62
738,Michael Campbell,98
739,Edella Schlager,39
740,George Nemhauser,89
741,Charles Benight,48
742,Joshua Tenenbaum,145
743,Max Pfeffer,7
744,Ronald McGarvey,15
745,Peggy Policastro,8
746,Charles Thompson,65
747,Jessica Holmes,6
748,Geoffrey West,78
749,Cristine Legare,49
750,Jay Aronson,80
751,William Hallman,42
752,John Jasper,18
753,Lee Clarke,106
754,Gary Gaeth,32
755,Ronaldo Vigo,16
756,Vincent Mak,14
757,Brian Lickel,42
758,Warren Miller,51
759,Jeffrey Stevens,36
760,Bairong Wang,11
761,Alberto Rossi,33
762,Edward Wellman,3
763,Carla Prater,39
764,Nicholas Lange,31
765,Srilata Zaheer,30
766,Karen Richman,14
767,Carolyn Kousky,40
768,Christopher Chartier,20
769,Alka Sapat,20
770,Randy Simmons,18
771,Jacob Goeree,51
772,John Monahan,99
773,Andrew Davis,104
774,Sara Constantino,34
775,Brian Nelson,39
776,W. Russell Neuman,39
777,Paige Amormino,5
778,Sharon Wood,17
779,Lera Boroditsky,49
780,Brian Zikmund-Fisher,65
781,Jennifer Hamilton,19
782,Patrick Gurian,31
783,Marco Janssen,81
784,Dorothy Reed,21
785,Jonathon Schuldt,37
786,Daniel Cavagnaro,19
787,Jiawei Fu,4
788,David Just,53
789,James Farmer,25
790,Bertram Gawronski,83
791,John O'Doherty,100
792,Marisa Manheim,3
793,Ali Abbas,52
794,John Anderson,155
795,MONIQUE TURNER,18
796,Robert Winkler,73
797,Ryan Oprea,23
798,Lisa McKenzie,19
799,Jennifer Crocker,90
800,Nicholas Garber,39
801,James Smith,226
802,John Payne,75
803,Samir Huseynov,6
804,Thomas Birkland,34
805,Briony Swire-Thompson,22
806,Detlof von Winterfeldt,53
807,Trudy Ann Cameron,40
808,Steven Neuberg,65
809,Sanya Carley,41
810,William Rohe,120
811,Jerome Busemeyer,73
812,Richard Martell,67
813,Katherine Dixon-Gordon,40
814,Charles Hermann,32
815,Jason Reifler,44
816,Jacob Stanley,41
817,Tanya Hayes,18
818,Kent Portney,32
819,John Hershey,58
820,Robert White,66
821,Snehasis Mukhopadhyay,27
822,Timothy Stearns,68
823,Jamie Kruse,29
824,Teddy Seidenfeld,34
825,Chen Liang,40
826,Gregory McRae,46
827,Nagpurnanand Prabhala,23
828,Christof Koch,174
829,Michael Simeone,23
830,Robert Feinberg,121
831,Neil Doherty,40
832,Lauren Guggenheim,8
833,Karen Kainer,31
834,Winston Sieck,21
835,Bin Gu,40
836,Jonathan Salerno,47
837,Robert Richardson,33
838,Natacha Thomas,8
839,Debra Javeline,16
840,John Pratt,22
841,Kariyushi Rao,1
842,Regina Joseph,17
843,Gary Bolton,37
844,Yi-Chang Chiu,36
845,Ragan Petrie,24
846,Mirit Friedman,2
847,Marcella Boynton,27
848,Daniel Pilgreen,1
849,Kenneth Hammond,63
850,Ariane Peralta,19
851,Ulf Bockenholt,48
852,Ronald Pyke,7
853,Stephen Ross,76
854,Kenneth Reckhow,52
855,Robert O'Connor,33
856,Cassandra Troy,3
857,James Russell,107
858,Jennifer Marlon,56
859,Alexander Moore,22
860,W. Douglass Shaw,39
861,Vijay Gurbaxani,33
862,Peer Fiss,30
863,Peter McGee,16
864,Richard Bord,89
865,Sanders Korenman,40
866,Gilbert Metcalf,52
867,Judea Pearl,123
868,Shu-Fang Shih,18
869,Roger Schroeder,90
870,Regina Smyth,18
871,Katherine McComas,44
872,Ronald Harstad,25
873,Fabrizio Lillo,55
874,Anthony Rock,10
875,Rebecca Niemiec,19
876,Laurence Weiss,113
877,Ricardo Daziano,30
878,Thomas Coyle,33
879,Yacov Haimes,67
880,William Holmes,32
881,Krishna Dasaratha,9
882,Allecia Reid,21
883,Robert McMaster,104
884,Jose Pardo,66
885,YAW Nyarko,3
886,Anthony Evans,171
887,Thomas Dietz,99
888,Yili Hong,34
889,Randolph Nesse,91
890,Katie Bernhard,40
891,Shinobu Kitayama,95
892,Alexandra Mislin,14
893,Catherine Sanders,24
894,Mark Kamlet,28
895,Maria Rios,42
896,Amnon Rapoport,72
897,Cynthia Beath,39
898,Tashi Gurung,3
899,Barry Johnson,82
900,James Robison-Cox,20
901,Alok Gupta,63
902,Richard Wiener,56
903,John Kagel,73
904,David Levine,66
905,Massimo Piattelli-Palmarini,35
906,Arnold Vedlitz,47
907,Andrew Foster,48
908,kimber mckay,5
909,Terrance Odean,30
910,Tricia Wachtendorf,33
911,Yuxian Cui,5
912,Donald MacGregor,35
913,Rebecca Morss,40
914,Hal Arkes,55
915,Bradley Adame,17
916,David Landy,22
917,Christina Palmer,20
918,David Andersen,75
919,Maria-Florina Balcan,54
920,Yiwei Xu,6
921,Bei Xiao,16
922,Holly Michael,27
923,Vojislav Maksimovic,57
924,Donald Nelson,32
925,Lace Padilla,23
926,William Leach,19
927,Ann Fisher,68
928,Peter Golubtsov,7
929,Walter Peacock,43
930,Leidy Klotz,29
931,Craig Fox,57
932,Robert Townsend,62
933,Leeat Yariv,36
934,Linda Argote,58
935,John Hamman,8
936,Penny Visser,33
937,Ronald Fisher,118
938,Steven Schapiro,113
939,Stephen Broomell,21
940,John Ledyard,47
941,Cristina Bicchieri,56
942,Leonard Shabman,31
943,Steven Ruggles,61
944,Garrick Louis,14
945,Robert Clemen,71
946,S. David Wu,36
947,Kenneth Oye,29
948,John Graham,71
949,George Huber,104
950,Tamar Krishnamurti,23
951,Jeremy Ginges,36
952,Jay Patel,150
953,Henry Willis,25
954,David Cooper,135
955,Brian Wansink,100
956,Michael Kraft,33
957,Seymour Lipset,95
958,Dietram Scheufele,89
959,Jennifer Fraterrigo,25
960,Anne Case,63
961,Timothy McDaniels,31
962,Phillip Ackerman,20
963,Jeff Dozier,69
964,Matthew Hitt,13
965,Kuhika Gupta,16
966,Anna Tompsett,6
967,Kirstin Dow,40
968,Thomas Kull,24
969,Craig Trumbo,29
970,Sara Lowes,12
971,Nathan Kettle,14
972,Aaron Fobian,0
973,James Flynn,42
974,Lee Ross,72
975,Hongtao Yi,30
976,Joel Watson,65
977,Anthony Leiserowitz,94
978,Paul Slovic,171
979,Daniel Friedman,62
980,Hendrik Wolff,30
981,Ajay Vinze,24
982,Michael Nelson,102
983,LD Mattson,2
984,John Norton,55
985,Xavier Basurto,50
986,Kimberly Wade-Benzoni,31
987,Mirta Galesic,51
988,Chuqiao Yang,8
989,Max Henrion,42
990,Alisius Leong,8
991,Joachim Krueger,60
992,Thomas Redick,39
993,James Andreoni,61
994,Jianchao Zhu,2
995,Lucie Laurian,20
996,Jesse Bliss,5
997,Seth Tuler,28
998,Richard Bishop,45
999,Lawrence Ausubel,42
1000,Timothy Hackenberg,31
1001,Douglas Kenrick,86
1002,Stephen Hilgartner,31
1003,A. Adele Diederich,39
1004,Cary Bloyd,14
1005,Douglas Medin,101
1006,Geoffroy de Clippel,21
1007,Run Yu,44
1008,Sandra Schneider,25
1009,Joseph Koonce,25
1010,Barbara Kahn,60
1011,Thomas Heberlein,61
1012,Brian Nagle,7
1013,John Jonides,116
1014,Ulrich Mayr,75
1015,Scott Page,45
1016,Louis Putterman,2
1017,Miguel Villas-Boas,35
1018,Joseph Henrich,102
1019,Julie Demuth,30
1020,Steven Penrod,70
1021,Supreet Kaur,11
1022,John Van Reenen,101
1023,Gerard Toal,58
1024,Kevin Smith,97
1025,Emily Huff,15
1026,Janet Dukerich,28
1027,Nicholas Kiefer,46
1028,Eric Johnson,90
1029,Hari Sundaram,43
1030,Joel Suss,65
1031,Albert Gunther,61
1032,Laura Rickard,30
1033,Maria Lapinski,37
1034,Josiah Heyman,41
1035,Adam Finkel,21
1036,A Fritschler,12
1037,John Wooders,22
1038,Kevin McCabe,54
1039,Mark Lubell,73
1040,Thomas Tomich,45
1041,David Laibson,93
1042,Ann-Margaret Esnard,27
1043,Meredith Gore,33
1044,Katherine Crosman,11
1045,Eugene Borgida,53
1046,Sarah Schweizer,8
1047,Riitta Katila,25
1048,Martin Smith,111
1049,Michael Beran,61
1050,Andrew Fuligni,92
1051,Olga Wilhelmi,31
1052,Jill Gambill,3
1053,Ailish Burns,4
1054,Christina Boyce-Jacino,3
1055,Carla Berg,6
1056,Shahzeen Attari,24
1057,Paul Kantor,42
1058,James March,117
1059,Shannon Van Zandt,29
1060,Sherine El-Toukhy,16
